---,TechNodeId,DisplayName,Tier,Family,Prerequisites,RequiredReferenceComponentId,ResearchPointsRequired,UnlockedRecipeIds,Notes
TN_WATER_SAFETY,TN_WATER_SAFETY,Water Safety Protocol,T0_Primitive,Water,,, 50,Water purification awareness. Reduces infection risk from drinking
TN_FOOD_BASICS,TN_FOOD_BASICS,Food Edibility Basics,T0_Primitive,Food,,,50,Unlocks EdibilityState UI display. Research path for native plants
TN_BASIC_TOOLING,TN_BASIC_TOOLING,Basic Tooling,T1_Basic,Materials,,REF_BASIC_TOOLING,100,RCP_HUNTING_BOW+RCP_REPAIR_KIT+RCP_ANTISEPTIC_SALVE+RCP_GRAZER_LEATHER+RCP_BOAR_STEW+RCP_MILITIA_KIT+RCP_FIELD_SUTURE+RCP_PAINKILLER. Physical Ref Component delivery required
TN_METALWORK_T1,TN_METALWORK_T1,Metalwork Tier 1,T1_Basic,Metalwork,TN_BASIC_TOOLING,REF_METALWORK_SCHEMA,150,RCP_ANVIL_FORGE+RCP_FUSE_LINK_PACK+RCP_SMOKED_MEAT. Anvil Forge construction unlocked
TN_MEDICINE_T1,TN_MEDICINE_T1,Medicine Tier 1,T1_Basic,Medicine,TN_BASIC_TOOLING,,100,RCP_FIELD_SUTURE+RCP_PAINKILLER. Injury treatment research
TN_ECOLOGY_FAUNA,TN_ECOLOGY_FAUNA,Fauna Ecology Research,T1_Basic,Ecology,TN_FOOD_BASICS,,80,Unlocks codex entries for all observed wildlife. Edibility states unlocked for researched meats
TN_ECOLOGY_FLORA,TN_ECOLOGY_FLORA,Flora Ecology Research,T1_Basic,Ecology,TN_FOOD_BASICS,,80,Unlocks codex entries for observed plants. Ripeness/toxin risk known
TN_POWER_T2,TN_POWER_T2,Power Engineering Tier 2,T2_Intermediate,Electronics,TN_METALWORK_T1,REF_POWER_REGULATOR,200,RCP_GENERATOR_BASIC. Power grid telemetry enabled
TN_OPTICS_T2,TN_OPTICS_T2,Optics Tier 2,T2_Intermediate,Materials,TN_METALWORK_T1,REF_OPTICS_BENCH,180,RCP_OPTICS_LENS_ROUGH. Scope crafting path opens
TN_AMMO_RELOADING,TN_AMMO_RELOADING,Ammunition Reloading,T2_Intermediate,Military,TN_METALWORK_T1,,150,RCP_AMMO_SMG_BASIC+further ammo recipes
TN_COMMS_T3,TN_COMMS_T3,Communications Tier 3,T3_Advanced,Electronics,TN_POWER_T2,,300,RCP_BEACON_ARRAY. Rescue ending path
TN_REMNANT_STUDY_T1,TN_REMNANT_STUDY_T1,Remnant Site Analysis,T1_Basic,Remnant,,,120,Unlock Remnant site codex. Wake trigger awareness
TN_REMNANT_INTERFACE_T2,TN_REMNANT_INTERFACE_T2,Remnant Interface Protocol,T2_Intermediate,Remnant,TN_REMNANT_STUDY_T1,,250,Enables site diagnostic protocol. Reduces wake escalation speed
TN_AGRICULTURE_T1,TN_AGRICULTURE_T1,Agriculture Tier 1,T1_Basic,Agriculture,TN_FOOD_BASICS,,100,"Enables farm plots, seed planting, crop mutation research"
TN_CARTOGRAPHY_T1,TN_CARTOGRAPHY_T1,Cartography,T1_Basic,Materials,TN_BASIC_TOOLING,,60,Unlocks Cartography Board station and POI rumor tracking
---,TN_METALWORK_T2,"""Metalwork Tier 2""",T2_Intermediate,Materials,TN_METALWORK_T1,,200,RC_WPN_BLACKGLASS_SWORD+RC_WPN_BLACKGLASS_AXE+RC_WPN_BLACKGLASS_SPEAR+RC_ARM_BLACKGLASS_HELM+RC_ARM_BLACKGLASS_CHEST+RC_ARM_BLACKGLASS_LEGS+RC_WPN_RIOT_SHIELD+RC_AMO_ARROW_ARMOR_PIERCING+RC_AMO_BOLT_ARMOR_PIERCING,Volcanic-glass edged weapons + riot shield + AP rounds.
---,TN_CHEMISTRY_T1,"""Chemistry Tier 1""",T1_Basic,Materials,TN_BASIC_TOOLING,,80,RC_AMO_ARROW_POISON+RC_AMO_ARROW_TRANQ+RC_AMO_ARROW_SMOKE,Toxin extraction + fungal sedative + aerosol arrows.
---,TN_ELECTRONICS_T1,"""Electronics Tier 1""",T1_Basic,Energy,TN_BASIC_TOOLING,,120,RC_AMO_ARROW_EMP+RC_AMO_ARROW_TRACKER+RC_WPN_SUNWIRE_SWORD+RC_WPN_SUNWIRE_AXE+RC_WPN_SUNWIRE_SPEAR+RC_ARM_SUNWIRE_HELM+RC_ARM_SUNWIRE_CHEST+RC_ARM_SUNWIRE_LEGS,Capacitor-based projectiles + sunwire alloys.
---,TN_CRYO_T2,"""Cryogenics Tier 2""",T2_Intermediate,Energy,TN_ELECTRONICS_T1,,200,RC_AMO_ARROW_CRYO+RC_WPN_FROSTSPARK_SWORD+RC_WPN_FROSTSPARK_AXE+RC_WPN_FROSTSPARK_SPEAR+RC_ARM_FROSTSPARK_HELM+RC_ARM_FROSTSPARK_CHEST+RC_ARM_FROSTSPARK_LEGS,Frostspark-crystal payloads + cryo armour.
---,TN_ENERGETICS_T2,"""Energetics Tier 2""",T2_Intermediate,Energy,TN_ELECTRONICS_T1,,250,RC_AMO_ARROW_EXPLOSIVE+RC_AMO_BOLT_EXPLOSIVE+RC_WPN_SPARKSTONE_SWORD+RC_WPN_SPARKSTONE_AXE+RC_WPN_SPARKSTONE_SPEAR+RC_ARM_SPARKSTONE_HELM+RC_ARM_SPARKSTONE_CHEST+RC_ARM_SPARKSTONE_LEGS,Sparkstone warheads + sparkstone armour set.
---,TN_DECRYPTION,"""Signal Decryption""",T2_Intermediate,Energy,TN_ELECTRONICS_T1,,220,RC_TOL_DECRYPT_SPIKE,Remnant-derived handshake spoofing. Unlocks the avionics wreck's decryption spike.
